/* Member */
INSERT INTO MEMBER(member_id, email, joined_at, modified_at, password, payment_method, phone_number, profile_image_url, provider, provider_id, role, username, p_location_id)
VALUES(1, 'test@naver.com', 1664436397982, 1664436397982, 'pass1234', 'card', '010-1111-1111', 'www.test.com', 'provider', 'providerId', 0, '이은주', null),
(2, 'test2@naver.com', 1664436397982, 1664436397982, 'pass1234', 'card', '010-2222-1111', 'www.test.com', 'provider', 'providerId', 0, '서태원', null),
(3, 'test3@naver.com', 1664436397982, 1664436397982, 'pass1234', 'card', '010-3333-1111', 'www.test.com', 'provider', 'providerId', 0, '신가경', null),
(4, 'test4@naver.com', 1664436397982, 1664436397982, 'pass1234', 'card', '010-4444-1111', 'www.test.com', 'provider', 'providerId', 0, '김건휘', null),
(5, 'test5@naver.com', 1664436397982, 1664436397982, 'pass1234', 'card', '010-5555-1111', 'www.test.com', 'provider', 'providerId', 0, '강지효', null),
(6, 'test6@naver.com', 1664436397982, 1664436397982, 'pass1234', 'card', '010-6666-1111', 'www.test.com', 'provider', 'providerId', 0, '황윤준', null),
(7, 'test7@naver.com', 1664436397982, 1664436397982, 'pass1234', 'card', '010-7777-1111', 'www.test.com', 'provider', 'providerId', 0, '강시혁시혁', null),
(8, 'test8@naver.com', 1664436397982, 1664436397982, 'pass1234', 'card', '010-8888-1111', 'www.test.com', 'provider', 'providerId', 0, '홍민정', null),
(9, 'test9@naver.com', 1664436397982, 1664436397982, 'pass1234', 'card', '010-9999-1111', 'www.test.com', 'provider', 'providerId', 0, '이현석', null),
(10, 'test10@naver.com', 1664436397982, 1664436397982, 'pass1234', 'card', '010-0909-1111', 'www.test.com', 'provider', 'providerId', 0, '정다운', null),
(11, 'test11@naver.com', 1664436397982, 1664436397982, 'pass1234', 'card', '010-0808-1111', 'www.test.com', 'provider', 'providerId', 0, '홍성권', null),
(12, 'test12@naver.com', 1664436397982, 1664436397982, 'pass1234', 'card', '010-0707-1111', 'www.test.com', 'provider', 'providerId', 0, '오나래', null);



/* Food_Category */
INSERT INTO FOOD_CATEGORY(food_category_id, category)
VALUES
(1, 'Pork feet'),
(2, 'Soup'),
(3, 'Japanese'),
(4, 'Pizza'),
(5, 'BBQ'),
(6, 'Western'),
(7, 'Chicken'),
(8, 'Chinese'),
(9, 'Asian'),
(10, 'Fast Food');

/* Locations */
INSERT INTO LOCATION(location_id, address_detail, create_at, kor_address, latitude, longitude, modified_at, name_of_place, type)
VALUES(1, '제주시연북로', 1664436396803, '2층 김녕 회의실', 123.123, 123.123, 1664436396803, '세븐일레븐', 1),
(2, '서귀포시대포중앙로', 1664436396803, '무지개빌라', 123.123, 123.123, 1664436396803, '세븐일레븐', 1),
(3, '제주시노형동', 1664436396803, '푸르지오 상가 1층', 123.123, 123.123, 1664436396803, '세븐일레븐', 1),
(4, '제주시연동', 1664436396803, '조천 해변가 앞', 123.123, 123.123, 1664436396803, '무거버거', 1),
(5, '서귀포시동홍동', 1664436396803, '로터리 앞', 123.123, 123.123, 1664436396803, '라헌', 1),
(6, '서귀포시법환동', 1664436396803, '범섬 앞', 123.123, 123.123, 1664436396803, '비에이치', 1),
(7, '서귀포시서호동', 1664436396803, '역기떡볶이', 123.123, 123.123, 1664436396803, '역기떡볶이', 1),
(8, '서귀포시동홍동', 1664436396803, '왕큰이피자', 123.123, 123.123, 1664436396803, '왕큰이피자', 1),
(9, '서귀포시법환동', 1664436396803, '대왕족발', 123.123, 123.123, 1664436396803, '대왕족발', 1),
(10, '서귀포시서호동', 1664436396803, '네네치킨', 123.123, 123.123, 1664436396803, '네네치킨', 1);

/* Items */
INSERT INTO ITEM(item_id, body, created_at, deadline, modified_at, recruit, restaurant_name, restaurant_url, title, food_category_id, image_url_image_url_id, member_id, p_location_id)
VALUES(1, '배송비나눔해요, 결제는 계좌이체 희망합니다.', 1664436396803, 1664436396803, 1664436396803, 10, '세븐일레븐', 'http://test-url.com', 'Title1', 1, null, 1, 1),
(2, '배송비나눔해요, 결제는 계좌이체 희망합니다.', 1664436396803, 1664436396803, 1664436396803, 10, '맥도날드', 'http://test-url.com', 'Title2', 2, null, 2, 2),
(3, '배송비나눔해요, 결제는 계좌이체 희망합니다.', 1664436396803, 1664436396803, 1664436396803, 10, '버거킹', 'http://test-url.com', 'Title3', 1, null, 3, 3),
(4, '배송비나눔해요, 결제는 계좌이체 희망합니다.', 1664436396803, 1664436396803, 1664436396803, 10, '무거버거', 'http://test-url.com', 'Title4', 3, null, 1, 4),
(5, '배송비나눔해요, 결제는 계좌이체 희망합니다.', 1664436396803, 1664436396803, 1664436396803, 10, '라헌', 'http://test-url.com', 'Title5', 4, null, 9, 1),
(6, '배송비나눔해요, 결제는 계좌이체 희망합니다.', 1664436396803, 1664436396803, 1664436396803, 3, '비에이치', 'http://test-url.com', 'Title6', 1, null, 5, 5),
(7, '배송비나눔해요, 결제는 계좌이체 희망합니다.', 1664436396803, 1664436396803, 1664436396803, 10, '역기떡볶이', 'http://test-url.com', 'Title7', 1, null, 6, 1),
(8, '배송비나눔해요, 결제는 계좌이체 희망합니다.', 1664436396803, 1664436396803, 1664436396803, 10, '왕큰이피자', 'http://test-url.com', 'Title8', 2, null, 1, 9),
(9, '배송비나눔해요, 결제는 계좌이체 희망합니다.', 1664436396803, 1664436396803, 1664436396803, 10, '대왕족발', 'http://test-url.com', 'Title9', 1, null, 8, 10),
(10, '배송비나눔해요, 결제는 계좌이체 희망합니다.', 1664436396803, 1664436396803, 1664436396803, 10, '네네치킨', 'http://test-url.com', 'Title10', 3, null, 11, 1);

/* Participants */
INSERT INTO PARTICIPANTS(participants_id, created_at, modified_at, type, item_id, member_id)
VALUES(1, 1664436396803, 1664436396803, 1, 10, 1),
(2, 1664436396803, 1664436396803, 1, 1, 1),
(3, 1664436396803, 1664436396803, 1, 1, 1),
(4, 1664436396803, 1664436396803, 1, 9, 1),
(5, 1664436396803, 1664436396803, 1, 10, 3),
(6, 1664436396803, 1664436396803, 1, 3, 9),
(7, 1664436396803, 1664436396803, 1, 3, 2),
(8, 1664436396803, 1664436396803, 1, 3, 2),
(9, 1664436396803, 1664436396803, 1, 3, 4),
(10, 1664436396803, 1664436396803, 1,2, 5),
(11, 1664436396803, 1664436396803, 1,5, 6),
(12, 1664436396803, 1664436396803, 1,6, 7),
(13, 1664436396803, 1664436396803, 1,8, 10),
(14, 1664436396803, 1664436396803, 1,7, 11),
(15, 1664436396803, 1664436396803, 1,9, 12);



